{"options":{"check_for_updates":false,"comment":null,"compatopts_for_requires":true,"compat_wrappedjsobject":false,"compat_metadata":false,"compat_foreach":false,"compat_powerful_this":null,"sandbox":null,"noframes":null,"unwrap":null,"run_at":null,"tab_types":null,"override":{"merge_connects":true,"merge_excludes":true,"merge_includes":true,"merge_matches":true,"orig_connects":[],"orig_excludes":[],"orig_includes":[],"orig_matches":["https://readnovelfull.com/*","https://allnovelfull.com/*","https://novelfull.com/*","https://novelusb.com/*","https://freewebnovel.com/*","https://readnovelfull.me/*","https://isekailunatic.com/*"],"orig_noframes":null,"orig_run_at":"document-idle","use_blockers":[],"use_connects":[],"use_excludes":[],"use_includes":[],"use_matches":[]}},"settings":{"enabled":true,"position":17},"meta":{"name":"patterns","uuid":"e47ab8b3-d405-4a99-9311-623ab942c9c6","modified":1688915870712}}