{"configMode":50,"connect_mode":"ask","default_tab_types":"incognito+normal","enabled":true,"external_connect":"all","forbiddenPages":["*example.org/*","*paypal.tld/*","*stripe.com/*","https://*deutsche-bank-24.tld/*","https://*bankofamerica.tld/*","/^.*:\\/\\/apis\\.google\\.com\\/((?!render)([^\\/]+)\\/)+([^\\/]+)?$/","*://www.facebook.com/plugins/*","*://platform.twitter.com/widgets/*"],"incognito_mode":"temporary","page_filter_mode":"black","page_whitelist":[],"require_sri_mode":"supported","script_blacklist_server":[{"rules":["/https?:\\/\\/userscripts\\.org\\/scripts\\/(source|version)/(102614).*\\.user\\.js/"],"severity":2},{"name":"SaveFrom.net helper","reason":"Shows advertisements","rules":["/https?:\\/\\/sf-addon\\.com\\/.*\\/.*\\.user\\.js/","/https?:\\/\\/.*\\.sf-helper\\.com\\/.*\\.user\\.js/"],"severity":3},{"reasons":{"en":"Used for a phishing compain to compromise users of baon-nutrition.com"},"rules":["/https?:\\/\\/files\\.ulysse\\.travel\\/.*\\.user\\.js/"],"severity":8}],"script_include_mode":"default","userscript_search_mode":"click","webrequest_fixCSP":"yes","webrequest_modHeaders":"yes"}